{
  "timestamp": "2026-01-22T03:56:46.890627Z",
  "architecture": "82\u219232\u219282",
  "parameters": 5248,
  "training_pairs": 5242,
  "epochs": 100,
  "final_loss": 0.07483230615220143,
  "learning_rate": 0.01,
  "batch_size": 32
}