{
  "timestamp": "2025-07-07T02:00:15.325949",
  "recall_summary": [
    {
      "phase": "phase_1",
      "sample_count": 9,
      "epochs": 10,
      "final_loss": 0.05079730554030906,
      "retention_score": 19.6857
    }
  ]
}